chrom,pos,id,ref,alt,qual,filter,gene,consequence,protein_change,clnsig,clndn,geneinfo,in_hc_region,priority_score
chr1,13223649,2407212,G,A,42.08,PASS,PRAMEF18,missense_variant,p.Arg375Cys,Uncertain_significance,not_specified,PRAMEF18:391003,False,12
chr1,241500602,296865,T,TGA,30.77,PASS,FH,intron_variant,,Conflicting_classifications_of_pathogenicity,not_specified|not_provided|Hereditary_leiomyomatosis_and_renal_cell_cancer|Fumarase_deficiency|Hereditary_cancer-predisposing_syndrome,FH:2271,True,8
chr1,92478757,298185,CAGAGAG,"C,CAGAGAGAGAGAG",33.71,PASS,GFI1,splice_region_variant&intron_variant,,Benign/Likely_benign,"Neutropenia,_severe_congenital,_2,_autosomal_dominant|not_provided|Severe_congenital_neutropenia|Nonimmune_chronic_idiopathic_neutropenia_of_adults",GFI1:2672,True,7
chr1,100189353,875221,A,T,5.74,PASS,DBT,3_prime_UTR_variant,,Uncertain_significance,not_provided|Maple_syrup_urine_disease,DBT:1629,False,7
chr1,158668075,293026,GA,G,24.7,PASS,SPTA1,intron_variant,,Conflicting_classifications_of_pathogenicity,"Spherocytosis,_Recessive|not_provided|Pyropoikilocytosis,_hereditary|Elliptocytosis",SPTA1:6708,True,7
chr1,152219233,1264550,C,G,41.46,PASS,HRNR,missense_variant,p.Ser799Thr,Benign,not_provided,CCDST:339400|HRNR:388697,False,7
chr1,218437320,992240,CTT,C,17.31,PASS,TGFB2,splice_region_variant&intron_variant,,Benign,Loeys-Dietz_syndrome_4|not_specified,TGFB2:7042,True,6
chr1,100189351,291391,TA,T,12.45,PASS,DBT,3_prime_UTR_variant,,Conflicting_classifications_of_pathogenicity,Maple_syrup_urine_disease|not_provided,DBT:1629,False,6
chr1,154437417,2688363,A,AT,10.19,PASS,IL6R,splice_region_variant&intron_variant,,Benign,IL6R-related_disorder|not_specified,IL6R:3570,True,6
chr1,70438840,298038,T,TTGTG,37.02,PASS,CTH,intron_variant,,Likely_benign,not_provided|Cystathioninuria,CTH:1491,True,5
chr1,244854162,1219555,TA,T,3.9,PASS,HNRNPU,3_prime_UTR_variant,,Likely_benign,not_provided,HNRNPU:3192|SNORA100:106635532,True,5
chr1,32205464,1287136,A,C,56.14,PASS,TMEM234,3_prime_UTR_variant,,Benign,not_provided,CCDC28B:79140,True,5
chr1,239909421,1239171,G,GAA,16.84,PASS,CHRM3,3_prime_UTR_variant,,Benign,not_provided,CHRM3:1131,True,4
chr1,236761432,1276027,C,"CGTGT,CAT",33.44,PASS,ACTN2,intron_variant,,Benign,not_provided,ACTN2:88,True,4
chr1,168090628,2784838,A,G,65.81,PASS,GPR161,synonymous_variant,p.Gly400Gly,Benign,not_provided,GPR161:23432,True,4
chr1,200606917,1260865,G,GA,35.17,PASS,KIF14,intron_variant,,Benign,not_provided,KIF14:9928,True,4
chr1,115725557,522228,GAAAA,G,8.78,PASS,CASQ2,splice_region_variant&intron_variant,,Benign/Likely_benign,Catecholaminergic_polymorphic_ventricular_tachycardia_1|not_provided|Cardiomyopathy|not_specified|Catecholaminergic_polymorphic_ventricular_tachycardia_2,CASQ2:845,False,4
chr1,92267703,1260337,CA,C,32.28,PASS,GLMN,intron_variant,,Benign,not_provided,GLMN:11146,True,4
chr1,45509416,1227078,G,GTTTTT,10.84,PASS,MMACHC,3_prime_UTR_variant,,Benign,not_provided,MMACHC:25974,True,4
chr1,100011683,1283020,ATTATTTATTTAT,A,35.56,PASS,SLC35A3,intron_variant,,Benign,not_provided,SLC35A3:23443,True,4
chr1,26780772,1270609,T,TC,8.26,PASS,ARID1A,3_prime_UTR_variant,,Benign,not_provided,ARID1A:8289,True,4
chr1,20651801,295043,TTTTATTTATTTA,"T,TTTTATTTA",25.38,PASS,DDOST,3_prime_UTR_variant,,Benign/Likely_benign,"Congenital_disorder_of_glycosylation|Parkinson_Disease,_Recessive",DDOST:1650|PINK1:65018|PINK1-AS:100861548,True,4
chr1,237731891,1237959;1294283,T,"TACACACACAC,TAC",35.92,PASS,RYR2,intron_variant,,Benign,not_provided,RYR2:6262,True,4
chr1,209796634,1251730;1262119,A,"AACACAC,AAC",33.62,PASS,IRF6,intron_variant,,Benign,not_provided,IRF6:3664,True,4
chr1,236852256,1288797,CGT,C,24.65,PASS,MTR,intron_variant,,Benign,not_provided,MTR:4548,True,3
chr1,204190414,1291541,G,C,47.93,PASS,KISS1,3_prime_UTR_variant,,Benign,not_provided,KISS1:3814,False,3
chr1,197145845,1277743,AATATATAT,"A,AATAT",24.68,PASS,ASPM,intron_variant,,Benign,not_provided,ASPM:259266,True,3
chr1,3836304,1281874,CAA,C,8.63,PASS,CEP104,intron_variant,,Benign,not_provided,CEP104:9731,True,3
chr1,183131172,1280012,C,CAAAAA,10.68,PASS,LAMC1,intron_variant,,Benign,not_provided,LAMC1:3915,True,3
chr1,153816059,1229868,AACACAC,"A,AACACACACACACACACAC",25.05,PASS,GATAD2B,intron_variant,,Benign,not_provided,GATAD2B:57459,True,3
chr1,65592521,1234758,G,GT,24.49,PASS,LEPR,intron_variant,,Benign,not_provided,LEPR:3953,True,3
chr1,118926874,1286513,TTG,"T,TTGTG",24.88,PASS,TBX15,intron_variant,,Benign,not_provided,TBX15:6913,True,3
chr1,44017368,1237581,AACACAC,"A,AACAC",33.51,PASS,SLC6A9,upstream_gene_variant,,Benign,not_provided,SLC6A9:6536,True,3
chr1,62578974,706994,C,CA,8.23,PASS,DOCK7,intron_variant,,Benign,"Developmental_and_epileptic_encephalopathy,_23|not_specified|not_provided",DOCK7:85440,True,3
chr1,47272448,1232006,ATT,A,20.12,PASS,STIL,intron_variant,,Benign,not_provided,STIL:6491,True,3
chr1,39434386,1288467,CT,C,7.33,PASS,MACF1,intron_variant,,Benign,not_provided,MACF1:23499,True,3
chr1,17053700,1247179,TC,"T,TCC",6.25,PASS,SDHB,intron_variant,,Benign,not_provided,SDHB:6390,True,3
chr1,42943295,95413,G,A,25.28,PASS,SLC2A1,synonymous_variant,p.Ala15Ala,Benign,"not_provided|Hereditary_cryohydrocytosis_with_reduced_stomatin|Inborn_genetic_diseases|GLUT1_deficiency_syndrome_1,_autosomal_recessive|Encephalopathy_due_to_GLUT1_deficiency|Childhood_onset_GLUT1_deficiency_syndrome_2|not_specified|Dystonia_9",SLC2A1:6513,True,3
chr1,183207835,1229395,G,GTT,19.0,PASS,LAMC2,intron_variant,,Benign,not_provided,LAMC2:3918,True,3
chr1,161362301,1229833,CT,C,3.67,PASS,CFAP126,downstream_gene_variant,,Benign,not_specified|not_provided,SDHC:6391,True,2
chr1,21576267,1296625,ATGGG,A,46.29,PASS,ALPL,intron_variant,,Benign,not_provided,ALPL:249,False,2
chr1,22659292,1283735,A,AGATG,47.6,PASS,C1QB,intron_variant,,Benign,not_provided,C1QB:713,False,2
chr1,11981920,1238604,G,GTTTTTTT,10.21,PASS,MFN2,5_prime_UTR_variant,,Benign,not_provided,MFN2:9927,False,2
chr1,100191747,1251386,TATACACACACACACACACACACACACAC,T,15.88,PASS,DBT,3_prime_UTR_variant,,Benign,not_provided,DBT:1629,False,2
chr1,167904118,1231500,T,C,59.69,PASS,ADCY10,intron_variant,,Benign,not_provided,ADCY10:55811|DCAF6:55827,False,2
chr1,225839366,1276783,G,GGT,24.32,PASS,TMEM63A,downstream_gene_variant,,Benign,not_provided,EPHX1:2052,True,2
chr1,183236388,1235485,CA,C,2.99,PASS,LAMC2,downstream_gene_variant,,Benign,not_provided,LAMC2:3918,True,2
chr1,152314865,1288712,CT,C,36.86,PASS,FLG,intron_variant,,Benign,not_provided,FLG:2312|FLG-AS1:339400,False,2
chr1,11255846,1295245,C,CA,3.18,PASS,MTOR,intron_variant,,Benign,not_provided,MTOR:2475,False,1
chr1,11017202,1238512,CT,C,8.73,PASS,TARDBP,intron_variant,,Benign,not_provided,TARDBP:23435,False,1
chr1,235380161,1259378,TTGTGTGTGTGTGTGTGTGTG,"T,TTGTGTGTG",8.85,PASS,TBCE,intron_variant,,Benign,not_provided,TBCE:6905,False,1
chr1,11997038,1269875,CAA,C,10.48,PASS,MFN2,intron_variant,,Benign,not_provided,MFN2:9927,False,1
chr1,20655167,1226014,TTTTG,T,36.91,PASS,PINK1-AS,upstream_gene_variant,,Benign,not_provided,DDOST:1650,False,1
chr1,100015152,1274071,C,T,12.7,PASS,SLC35A3,intron_variant,,Benign,not_provided,SLC35A3:23443,False,1
chr1,236045206,1242229,CAAAAAAAA,"C,CAAAAAAA",6.82,PASS,NID1,intron_variant,,Benign,not_provided,NID1:4811,False,1
chr1,230683409,1237873,TA,T,6.8,PASS,COG2,intron_variant,,Benign,not_provided,COG2:22796,False,1
chr1,215640844,1231816,CA,C,6.72,PASS,USH2A,intron_variant,,Benign,not_provided,USH2A:7399,False,1
chr1,100186848,1257431;1290738,C,"CACAT,CAT",31.05,PASS,DBT,downstream_gene_variant,,Benign,not_provided,DBT:1629,False,1
chr1,67021691,1269364,TCCAACA,T,9.15,PASS,SLC35D1,intron_variant,,Benign,not_provided,SLC35D1:23169,False,1
chr1,21576264,1243209,TG,T,22.96,PASS,ALPL,intron_variant,,Benign,not_provided,ALPL:249,False,1
chr1,47300473,1222922,T,TTC,16.7,PASS,STIL,intron_variant,,Benign,not_provided,STIL:6491,False,1
chr1,162767061,1274921,G,GAAAA,4.51,PASS,DDR2,intron_variant,,Benign,not_provided,DDR2:4921,False,1
chr1,215743371,678887,C,CAT,19.45,PASS,USH2A,intron_variant,,Benign,not_provided,USH2A:7399,False,1
chr1,11846911,1296379,GCC,G,17.64,PASS,CLCN6,downstream_gene_variant,,Benign,not_provided,NPPA:4878|NPPA-AS1:100379251|LOC114827827:114827827,False,0
chr1,23825731,1286687,TCCAAAAAAAAAAAAAAAAA,T,2.34,PASS,HMGCL,upstream_gene_variant,,Benign,not_provided,HMGCL:3155,False,0
chr1,100206072,1241624,TA,T,4.21,PASS,DBT,downstream_gene_variant,,Benign,not_provided,DBT:1629,False,0
chr1,150328547,1242903,A,ATT,5.24,PASS,PRPF3,upstream_gene_variant,,Benign,not_provided,PRPF3:9129,False,0
chr1,150807078,1221513,TCTCACACA,"T,TCACACTCACACA",14.61,PASS,ARNT,downstream_gene_variant,,Benign,not_provided,CTSK:1513,False,0
chr1,193135868,1240449,C,"CTT,CT",5.76,PASS,MIR1278,upstream_gene_variant,,Benign,not_provided,CDC73:79577,False,0
chr1,219927663,1253940,A,C,4.95,PASS,LOC107985281,upstream_gene_variant,,Benign,not_provided,SLC30A10:55532,False,0
